{
    "mgca": {
        "exponential": {
            "Multispecies_Anand": {
                "values": [0.44485979, 0.08454554],
                "cov": [[0.0008745895502426714, -7.93910323378961e-05],
                        [-7.93910323378961e-05, 7.357990906125343e-06]],
                "info": "Exponential function re-fit to multispecies data of Anand et al (1996) by Holland et al (sub.).",
                "labels": ["A", "B"]
            },
            "O_universa_Russell": {
                "values": [0.09818009, 0.80665803],
                "cov": [[ 5.07123494e-05, -9.16403586e-04],
                        [-9.16403586e-04,  1.68173328e-02]],
                "info": "Exponential function re-fit to O. universa data of Russell et al (2004) by Holland et al (sub.).",
                "labels": ["A", "B"]
            }
        },
        "holland_2018": {
            "O_universa": {
                "values": [0.7739863 , 0.32103863, 0.88212762, 4.23427036, 0.06761086],
                "cov": [[0.0030801118231785964, -0.0018550463882452183, 0.01579360621561309, 0.0018882695983430467, -0.0001412566375869738],
                        [-0.0018550463882452183, 0.004981956969190122, -0.008313475671821363, -0.0013939299998953839, -0.00046493502053123934],
                        [0.01579360621561309, -0.008313475671821363, 0.10734576967957088, 0.01886541456538713, -0.0012164266776799135],
                        [0.0018882695983430467, -0.0013939299998953839, 0.01886541456538713, 0.7329436052303544, -0.0018024102213294564],
                        [-0.0001412566375869738, -0.00046493502053123934, -0.0012164266776799135, -0.0018024102213294564, 9.538387706659847e-05]],
                "info": "Multi-parameter regression of Holland et al (sub.) fit to O. universa data.",
                "labels": ["A", "B", "C1", "C2", "D"]
            },
            "Multispecies_Anand": {
                "values": [0.7739863 , 0.12800535, 0.88212762, 4.23427036, 0.06665604],
                "cov": [[0.0031918562789442968, -0.0015730280134838188, 0.015799320692575534, 0.0018884556925083925, -0.00010672036436377199],
                        [-0.0015730280134838188, 0.0007843689012202123, -0.008299028108733005, -0.0013934582507179078, 6.528312736894812e-05],
                        [0.015799320692575534, -0.008299028108733005, 0.10734606527826382, 0.018865424357989193, -0.0012145327640677374],
                        [0.0018884556925083925, -0.0013934582507179078, 0.018865424357989193, 0.7329436055628847, -0.0018023422343943305],
                        [-0.00010672036436377199, 6.528312736894812e-05, -0.0012145327640677374, -0.0018023422343943305, 2.2880072326569997e-05]],
                "info": "Multi-parameter regression of Holland et al (sub.) adapted for other species. Parameters A, C1 and C2 fit to O. universa data, and parameters B and D fit to Anand et al (1996) multi-species data.",
                "labels": ["A", "B", "C1", "C2", "D"]
            },
            "G_ruber_white_CO3_culture": {
                "values": [ 8.31294529e-01, 1.65728018e-01, 1.63858132e+01, -8.39552981e+01, -7.68375040e-02],
                "cov": [[0.022471883753864115, -0.007371738590821763, 0.16862027604390287, 0.48491248959066857, -0.0015656560388257307],
                        [-0.007371738590821763, 0.015235591393914115, -0.16614860661360034, 0.09610201047273421, -0.001257542012235723],
                        [0.16862027604390287, -0.16614860661360034, 23.030375104089927, 3.2983066935227683, -0.22058933384208504],
                        [0.48491248959066857, 0.09610201047273421, 3.2983066935227683, 184.66412088236098, -0.12132030927837738],
                        [-0.0015656560388257307, -0.001257542012235723, -0.22058933384208504, -0.12132030927837738, 0.0027760536041051133]],
                "info": "Multi-parameter regression of Holland et al (sub.) fitted to G. ruber (white) culture data using [CO3] as the carbon parameter.",
                "labels": ["A", "B", "C1", "C2", "D"]
            },
            "G_ruber_white_pH_culture": {
                "values": [ 8.33438106e-01,  2.42983273e-01,  1.21932245e+01,  9.22203337e+05, -7.57050922e-02],
                "cov": [[0.04269830810274719, -0.0209338373959271, 0.37660431938433503, -10407.285182247146, -0.0031964389378688605],
                        [-0.0209338373959271, 0.05532815746295608, -0.43355807681102965, 1643.3740635608622, -0.0026944520750740806],
                        [0.37660431938433503, -0.43355807681102965, 43.747298040040576, -313257.7393959266, -0.42134837511238005],
                        [-10407.285182247146, 1643.3740635608622, -313257.7393959266, 41671657941.04769, 3151.379648459459],
                        [-0.0031964389378688605, -0.0026944520750740806, -0.42134837511238005, 3151.379648459459, 0.005098234490639046]],
                "info": "Multi-parameter regression of Holland et al (sub.) fitted to G. ruber (white) culture data using pH as the carbon parameter.",
                "labels": ["A", "B", "C1", "C2", "D"]
            },
            "G_ruber_white_CO3_sedtrap": {
                "values": [ 8.31294529e-01,  1.65728018e-01,  1.18893296e+01, -1.72348143e+02, -4.51241966e-03],
                "cov": [[0.06383846610813668, -0.04647269682227436, 0.13944870422210262, 0.4841020027107945, -0.002515712641696462],
                        [-0.04647269682227436, 0.05221323705599263, -0.13856791344934039, 0.09686827574740345, -0.0002851080305221551],
                        [0.13944870422210262, -0.13856791344934039, 0.5999040178812263, -7.785609725909415, -0.0035304272093522235],
                        [0.4841020027107945, 0.09686827574740345, -7.785609725909415, 300.2455525157692, 0.011994231166530814],
                        [-0.002515712641696462, -0.0002851080305221551, -0.0035304272093522235, 0.011994231166530814, 0.00036682753829628837]],
                "info": "Multi-parameter regression of Holland et al (sub.) fitted to G. ruber (white) sediment trap data of Gray et al (2018) data using [CO3] as the carbon parameter, and holding A and B fixed at values for culture G. ruber (white).",
                "labels": ["A", "B", "C1", "C2", "D"]
            },
            "G_ruber_white_pH_sedtrap": {
                "values": [ 8.31294529e-01,  1.65728018e-01,  8.11301471e+00,  6.66764538e+05, -1.09132999e-02],
                "cov": [[0.05318657947831775, -0.04013946934446068, 0.14876831517790096, 0.48491360389499905, -0.0026424288910285934],
                        [-0.04013946934446068, 0.050178514872543406, -0.14498472008341207, 0.0961115973819565, -4.9622943080468137e-05],
                        [0.14876831517790096, -0.14498472008341207, 0.6802787020609988, 200625.48284072624, -0.008000846128542766],
                        [0.48491360389499905, 0.0961115973819565, 200625.48284072624, 191347753353.50827, -3788.1053962687124],
                        [-0.0026424288910285934, -4.9622943080468137e-05, -0.008000846128542766, -3788.1053962687124, 0.00041633816873327305]],
                "info": "Multi-parameter regression of Holland et al (sub.) fitted to G. ruber (white) sediment trap data of Gray et al (2018) data using pH as the carbon parameter, and holding A and B fixed at values for culture G. ruber (white).",
                "labels": ["A", "B", "C1", "C2", "D"]
            },
            "G_ruber_pink_CO3_culture": {
                "values": [ 1.80242473e+00,  6.49770412e-02,  6.26155364e+00, -2.99312558e+01, -9.87573238e-03],